{
	"texture_size": [128, 64],
	"textures": {
		"0": "boat_models:item/boat/cherry",
		"particle": "boat_models:item/boat/cherry"
	},
	"elements": [
		{
			"name": "oar_paddle",
			"from": [19, 0, 14.125],
			"to": [25, 7, 15.125],
			"rotation": {"angle": 0, "axis": "z", "origin": [19, 8.25, 14.3125]},
			"faces": {
				"north": {"uv": [9.625, 8.25, 8.75, 6.75], "rotation": 270, "texture": "#0"},
				"east": {"uv": [8.75, 6.75, 8.875, 5], "texture": "#0"},
				"south": {"uv": [7.75, 8.25, 8.625, 6.75], "rotation": 270, "texture": "#0"},
				"west": {"uv": [8.625, 6.75, 8.75, 5], "texture": "#0"},
				"up": {"uv": [8.625, 6.75, 8.75, 8.25], "rotation": 90, "texture": "#0"},
				"down": {"uv": [9.625, 8.25, 9.75, 6.75], "rotation": 90, "texture": "#0"}
			}
		},
		{
			"name": "oar_handle",
			"from": [21, 2, 13],
			"to": [23, 20, 15],
			"rotation": {"angle": 0, "axis": "z", "origin": [19, 8.25, 14.3125]},
			"faces": {
				"north": {"uv": [10, 5, 10.25, 9.5], "texture": "#0"},
				"east": {"uv": [8, 9.5, 10.25, 10], "rotation": 90, "texture": "#0"},
				"south": {"uv": [10.25, 5, 10.5, 9.5], "texture": "#0"},
				"west": {"uv": [10.25, 9.5, 12.5, 10], "rotation": 90, "texture": "#0"},
				"up": {"uv": [7.75, 9.5, 8, 10], "texture": "#0"},
				"down": {"uv": [12.5, 9.5, 12.75, 10], "texture": "#0"}
			}
		}
	]
}
