{
	"credit": "Made with Blockbench",
	"texture_size": [128, 128],
	"textures": {
		"0": "boat_models:item/chest_boat/bamboo",
		"particle": "boat_models:item/chest_boat/bamboo"
	},
	"elements": [
		{
			"from": [0, 0, 0],
			"to": [16, 3, 28],
			"faces": {
				"north": {"uv": [0, 0.375, 0.375, 2.375], "rotation": 90, "texture": "#0"},
				"east": {"uv": [0.375, 0, 3.875, 0.375], "texture": "#0"},
				"south": {"uv": [4.25, 0.375, 3.875, 2.375], "rotation": 90, "texture": "#0"},
				"west": {"uv": [3.875, 0, 7.375, 0.375], "texture": "#0"},
				"up": {"uv": [0.375, 0.375, 3.875, 2.375], "rotation": 90, "texture": "#0"},
				"down": {"uv": [4.25, 0.375, 7.75, 2.375], "rotation": 90, "texture": "#0"}
			}
		},
		{
			"from": [0, 3, -2],
			"to": [16, 9, 0],
			"faces": {
				"north": {"uv": [2.5, 3.625, 4.5, 4.375], "texture": "#0"},
				"east": {"uv": [0, 3.625, 0.25, 4.375], "texture": "#0"},
				"south": {"uv": [0.25, 3.625, 2.25, 4.375], "texture": "#0"},
				"west": {"uv": [2.25, 3.625, 2.5, 4.375], "texture": "#0"},
				"up": {"uv": [0.25, 3.375, 2.25, 3.625], "texture": "#0"},
				"down": {"uv": [2.5, 3.375, 4.5, 3.625], "texture": "#0"}
			}
		},
		{
			"from": [-1, 3, 28],
			"to": [17, 9, 30],
			"faces": {
				"north": {"uv": [2.75, 2.625, 5, 3.375], "texture": "#0"},
				"east": {"uv": [0, 2.625, 0.25, 3.375], "texture": "#0"},
				"south": {"uv": [0.25, 2.625, 2.5, 3.375], "texture": "#0"},
				"west": {"uv": [2.5, 2.625, 2.75, 3.375], "texture": "#0"},
				"up": {"uv": [0.25, 2.375, 2.5, 2.625], "texture": "#0"},
				"down": {"uv": [2.5, 2.375, 4.75, 2.625], "texture": "#0"}
			}
		},
		{
			"from": [-2, 3, 0],
			"to": [0, 9, 28],
			"faces": {
				"north": {"uv": [0, 5.625, 0.25, 6.375], "texture": "#0"},
				"east": {"uv": [0.25, 5.625, 3.75, 6.375], "texture": "#0"},
				"south": {"uv": [3.75, 5.625, 4, 6.375], "texture": "#0"},
				"west": {"uv": [4, 5.625, 7.5, 6.375], "texture": "#0"},
				"up": {"uv": [0.25, 5.375, 3.75, 5.625], "rotation": 90, "texture": "#0"},
				"down": {"uv": [3.75, 5.375, 7.25, 5.625], "rotation": 90, "texture": "#0"}
			}
		},
		{
			"from": [16, 3, 0],
			"to": [18, 9, 28],
			"faces": {
				"north": {"uv": [0, 4.625, 0.25, 5.375], "texture": "#0"},
				"east": {"uv": [0.25, 4.625, 3.75, 5.375], "texture": "#0"},
				"south": {"uv": [3.75, 4.625, 4, 5.375], "texture": "#0"},
				"west": {"uv": [4, 4.625, 7.5, 5.375], "texture": "#0"},
				"up": {"uv": [0.25, 4.375, 3.75, 4.625], "rotation": 90, "texture": "#0"},
				"down": {"uv": [3.75, 4.375, 7.25, 4.625], "rotation": 90, "texture": "#0"}
			}
		},
		{
			"name": "left_oar_handle",
			"from": [-7, 0.75, 13],
			"to": [-5, 18.75, 15],
			"rotation": {"angle": 0, "axis": "z", "origin": [-4, 9.25, 13.725]},
			"faces": {
				"north": {"uv": [10, 0, 10.25, 2.25], "texture": "#0"},
				"east": {"uv": [8, 2.25, 10.25, 2.5], "rotation": 90, "texture": "#0"},
				"south": {"uv": [10.25, 0, 10.5, 2.25], "texture": "#0"},
				"west": {"uv": [10.25, 2.25, 12.5, 2.5], "rotation": 90, "texture": "#0"},
				"up": {"uv": [7.75, 2.25, 8, 2.5], "texture": "#0"},
				"down": {"uv": [12.5, 2.25, 12.75, 2.5], "texture": "#0"}
			}
		},
		{
			"name": "left_oar_paddle",
			"from": [-9, -1.25, 12.95],
			"to": [-3, 5.75, 13.95],
			"rotation": {"angle": 0, "axis": "z", "origin": [-4, 9.25, 13.725]},
			"faces": {
				"north": {"uv": [9.625, 1.625, 8.75, 0.875], "rotation": 270, "texture": "#0"},
				"east": {"uv": [8.75, 0.875, 8.875, 0], "texture": "#0"},
				"south": {"uv": [7.75, 1.625, 8.625, 0.875], "rotation": 270, "texture": "#0"},
				"west": {"uv": [8.625, 0.875, 8.75, 0], "texture": "#0"},
				"up": {"uv": [8.625, 0.875, 8.75, 1.625], "rotation": 90, "texture": "#0"},
				"down": {"uv": [9.625, 1.625, 9.75, 0.875], "rotation": 90, "texture": "#0"}
			}
		},
		{
			"name": "right_oar_paddle",
			"from": [19, -1.25, 14.125],
			"to": [25, 5.75, 15.125],
			"rotation": {"angle": 0, "axis": "z", "origin": [19, 8.25, 14.3125]},
			"faces": {
				"north": {"uv": [9.625, 4.125, 8.75, 3.375], "rotation": 270, "texture": "#0"},
				"east": {"uv": [8.75, 3.375, 8.875, 2.5], "texture": "#0"},
				"south": {"uv": [7.75, 4.125, 8.625, 3.375], "rotation": 270, "texture": "#0"},
				"west": {"uv": [8.625, 3.375, 8.75, 2.5], "texture": "#0"},
				"up": {"uv": [8.625, 3.375, 8.75, 4.125], "rotation": 90, "texture": "#0"},
				"down": {"uv": [9.625, 4.125, 9.75, 3.375], "rotation": 90, "texture": "#0"}
			}
		},
		{
			"name": "right_oar_handle",
			"from": [21, 0.75, 13],
			"to": [23, 18.75, 15],
			"rotation": {"angle": 0, "axis": "z", "origin": [19, 8.25, 14.3125]},
			"faces": {
				"north": {"uv": [10, 2.5, 10.25, 4.75], "texture": "#0"},
				"east": {"uv": [8, 4.75, 10.25, 5], "rotation": 90, "texture": "#0"},
				"south": {"uv": [10.25, 2.5, 10.5, 4.75], "texture": "#0"},
				"west": {"uv": [10.25, 4.75, 12.5, 5], "rotation": 90, "texture": "#0"},
				"up": {"uv": [7.75, 4.75, 8, 5], "texture": "#0"},
				"down": {"uv": [12.5, 4.75, 12.75, 5], "texture": "#0"}
			}
		},
		{
			"name": "chest_bottom",
			"from": [2, 4, 15.25],
			"to": [14, 12, 27.25],
			"faces": {
				"north": {"uv": [1.5, 11, 3, 12], "texture": "#0"},
				"east": {"uv": [3, 11, 4.5, 12], "texture": "#0"},
				"south": {"uv": [4.5, 11, 6, 12], "texture": "#0"},
				"west": {"uv": [0, 11, 1.5, 12], "texture": "#0"},
				"up": {"uv": [1.5, 9.5, 3, 11], "texture": "#0"},
				"down": {"uv": [3.125, 9.5, 4.625, 11], "texture": "#0"}
			}
		},
		{
			"name": "chest_top",
			"from": [2, 12, 15.25],
			"to": [14, 16, 27.25],
			"faces": {
				"north": {"uv": [1.5, 8.875, 3, 9.375], "texture": "#0"},
				"east": {"uv": [3, 8.875, 4.5, 9.375], "texture": "#0"},
				"south": {"uv": [4.5, 8.875, 6, 9.375], "texture": "#0"},
				"west": {"uv": [0, 8.875, 1.5, 9.375], "texture": "#0"},
				"up": {"uv": [1.5, 7.375, 3, 8.875], "texture": "#0"},
				"down": {"uv": [3, 7.375, 4.5, 8.875], "texture": "#0"}
			}
		},
		{
			"name": "chest_lock",
			"from": [7, 10, 14.5],
			"to": [9, 14, 15.5],
			"faces": {
				"north": {"uv": [0, 7.5, 0.25, 8], "texture": "#0"},
				"east": {"uv": [0.625, 7.5, 0.75, 8], "texture": "#0"},
				"south": {"uv": [0.375, 7.5, 0.625, 8], "texture": "#0"},
				"west": {"uv": [0.25, 7.5, 0.375, 8], "texture": "#0"},
				"up": {"uv": [0.375, 7.375, 0.625, 7.5], "texture": "#0"},
				"down": {"uv": [0.125, 7.375, 0.375, 7.5], "texture": "#0"}
			}
		}
	],
	"groups": [
		0,
		{
			"name": "boat_walls",
			"origin": [0, 0, 0],
			"color": 0,
			"nbt": "{}",
			"armAnimationEnabled": false,
			"children": [1, 2, 3, 4]
		},
		{
			"name": "left_oar",
			"origin": [0, 0, 0],
			"color": 0,
			"nbt": "{}",
			"armAnimationEnabled": false,
			"children": [5, 6]
		},
		{
			"name": "right_oar",
			"origin": [0, 0, 0],
			"color": 0,
			"nbt": "{}",
			"armAnimationEnabled": false,
			"children": [7, 8]
		},
		{
			"name": "group",
			"origin": [0, 0, 0],
			"color": 0,
			"nbt": "{}",
			"armAnimationEnabled": false,
			"children": [9, 10, 11]
		}
	]
}
