{
	"credit": "Made with Blockbench",
	"texture_size": [128, 64],
	"textures": {
		"0": "boat_models:item/boat/dark_oak",
		"particle": "boat_models:item/boat/dark_oak"
	},
	"elements": [
		{
			"from": [0, 0, 0],
			"to": [16, 3, 28],
			"faces": {
				"north": {"uv": [0, 0.75, 0.375, 4.75], "rotation": 90, "texture": "#0"},
				"east": {"uv": [0.375, 0, 3.875, 0.75], "texture": "#0"},
				"south": {"uv": [4.25, 0.75, 3.875, 4.75], "rotation": 90, "texture": "#0"},
				"west": {"uv": [3.875, 0, 7.375, 0.75], "texture": "#0"},
				"up": {"uv": [0.375, 0.75, 3.875, 4.75], "rotation": 90, "texture": "#0"},
				"down": {"uv": [4.25, 0.75, 7.75, 4.75], "rotation": 90, "texture": "#0"}
			}
		},
		{
			"from": [0, 3, -2],
			"to": [16, 9, 0],
			"faces": {
				"north": {"uv": [2.5, 7.25, 4.5, 8.75], "texture": "#0"},
				"east": {"uv": [0, 7.25, 0.25, 8.75], "texture": "#0"},
				"south": {"uv": [0.25, 7.25, 2.25, 8.75], "texture": "#0"},
				"west": {"uv": [2.25, 7.25, 2.5, 8.75], "texture": "#0"},
				"up": {"uv": [0.25, 6.75, 2.25, 7.25], "texture": "#0"},
				"down": {"uv": [2.5, 6.75, 4.5, 7.25], "texture": "#0"}
			}
		},
		{
			"from": [-1, 3, 28],
			"to": [17, 9, 30],
			"faces": {
				"north": {"uv": [2.75, 5.25, 5, 6.75], "texture": "#0"},
				"east": {"uv": [0, 5.25, 0.25, 6.75], "texture": "#0"},
				"south": {"uv": [0.25, 5.25, 2.5, 6.75], "texture": "#0"},
				"west": {"uv": [2.5, 5.25, 2.75, 6.75], "texture": "#0"},
				"up": {"uv": [0.25, 4.75, 2.5, 5.25], "texture": "#0"},
				"down": {"uv": [2.5, 4.75, 4.75, 5.25], "texture": "#0"}
			}
		},
		{
			"from": [-2, 3, 0],
			"to": [0, 9, 28],
			"faces": {
				"north": {"uv": [0, 9.25, 0.25, 10.75], "texture": "#0"},
				"east": {"uv": [0.25, 9.25, 3.75, 10.75], "texture": "#0"},
				"south": {"uv": [3.75, 9.25, 4, 10.75], "texture": "#0"},
				"west": {"uv": [4, 9.25, 7.5, 10.75], "texture": "#0"},
				"up": {"uv": [0.25, 8.75, 3.75, 9.25], "rotation": 90, "texture": "#0"},
				"down": {"uv": [3.75, 8.75, 7.25, 9.25], "rotation": 90, "texture": "#0"}
			}
		},
		{
			"from": [16, 3, 0],
			"to": [18, 9, 28],
			"faces": {
				"north": {"uv": [0, 11.25, 0.25, 12.75], "texture": "#0"},
				"east": {"uv": [0.25, 11.25, 3.75, 12.75], "texture": "#0"},
				"south": {"uv": [3.75, 11.25, 4, 12.75], "texture": "#0"},
				"west": {"uv": [4, 11.25, 7.5, 12.75], "texture": "#0"},
				"up": {"uv": [0.25, 10.75, 3.75, 11.25], "rotation": 90, "texture": "#0"},
				"down": {"uv": [3.75, 10.75, 7.25, 11.25], "rotation": 90, "texture": "#0"}
			}
		},
		{
			"name": "oar_handle",
			"from": [-7, 2, 13],
			"to": [-5, 20, 15],
			"rotation": {"angle": 0, "axis": "z", "origin": [-4, 9.25, 13.725]},
			"faces": {
				"north": {"uv": [10, 0, 10.25, 4.5], "texture": "#0"},
				"east": {"uv": [8, 4.5, 10.25, 5], "rotation": 90, "texture": "#0"},
				"south": {"uv": [10.25, 0, 10.5, 4.5], "texture": "#0"},
				"west": {"uv": [10.25, 4.5, 12.5, 5], "rotation": 90, "texture": "#0"},
				"up": {"uv": [7.75, 4.5, 8, 5], "texture": "#0"},
				"down": {"uv": [12.5, 4.5, 12.75, 5], "texture": "#0"}
			}
		},
		{
			"name": "oar_paddle",
			"from": [-9, 0, 12.95],
			"to": [-3, 7, 13.95],
			"rotation": {"angle": 0, "axis": "z", "origin": [-4, 9.25, 13.725]},
			"faces": {
				"north": {"uv": [9.625, 3.25, 8.75, 1.75], "rotation": 270, "texture": "#0"},
				"east": {"uv": [8.75, 1.75, 8.875, 0], "texture": "#0"},
				"south": {"uv": [7.75, 3.25, 8.625, 1.75], "rotation": 270, "texture": "#0"},
				"west": {"uv": [8.625, 1.75, 8.75, 0], "texture": "#0"},
				"up": {"uv": [8.625, 1.75, 8.75, 3.25], "rotation": 90, "texture": "#0"},
				"down": {"uv": [9.625, 3.25, 9.75, 1.75], "rotation": 90, "texture": "#0"}
			}
		},
		{
			"name": "oar_paddle",
			"from": [19, 0, 14.125],
			"to": [25, 7, 15.125],
			"rotation": {"angle": 0, "axis": "z", "origin": [19, 8.25, 14.3125]},
			"faces": {
				"north": {"uv": [9.625, 8.25, 8.75, 6.75], "rotation": 270, "texture": "#0"},
				"east": {"uv": [8.75, 6.75, 8.875, 5], "texture": "#0"},
				"south": {"uv": [7.75, 8.25, 8.625, 6.75], "rotation": 270, "texture": "#0"},
				"west": {"uv": [8.625, 6.75, 8.75, 5], "texture": "#0"},
				"up": {"uv": [8.625, 6.75, 8.75, 8.25], "rotation": 90, "texture": "#0"},
				"down": {"uv": [9.625, 8.25, 9.75, 6.75], "rotation": 90, "texture": "#0"}
			}
		},
		{
			"name": "oar_handle",
			"from": [21, 2, 13],
			"to": [23, 20, 15],
			"rotation": {"angle": 0, "axis": "z", "origin": [19, 8.25, 14.3125]},
			"faces": {
				"north": {"uv": [10, 5, 10.25, 9.5], "texture": "#0"},
				"east": {"uv": [8, 9.5, 10.25, 10], "rotation": 90, "texture": "#0"},
				"south": {"uv": [10.25, 5, 10.5, 9.5], "texture": "#0"},
				"west": {"uv": [10.25, 9.5, 12.5, 10], "rotation": 90, "texture": "#0"},
				"up": {"uv": [7.75, 9.5, 8, 10], "texture": "#0"},
				"down": {"uv": [12.5, 9.5, 12.75, 10], "texture": "#0"}
			}
		}
	],
	"groups": [
		0,
		{
			"name": "boat_walls",
			"origin": [0, 0, 0],
			"color": 0,
			"nbt": "{}",
			"armAnimationEnabled": false,
			"children": [1, 2, 3, 4]
		},
		{
			"name": "left_oar",
			"origin": [0, 0, 0],
			"color": 0,
			"nbt": "{}",
			"armAnimationEnabled": false,
			"children": [5, 6]
		},
		{
			"name": "right_oar",
			"origin": [0, 0, 0],
			"color": 0,
			"nbt": "{}",
			"armAnimationEnabled": false,
			"children": [7, 8]
		}
	]
}
