{
	"texture_size": [128, 64],
	"textures": {
		"0": "boat_models:item/boat/oak",
		"particle": "boat_models:item/boat/oak"
	},
	"elements": [
		{
			"name": "oar_handle",
			"from": [-7, 2, 13],
			"to": [-5, 20, 15],
			"rotation": {"angle": 0, "axis": "z", "origin": [-4, 9.25, 13.725]},
			"faces": {
				"north": {"uv": [10, 0, 10.25, 4.5], "texture": "#0"},
				"east": {"uv": [8, 4.5, 10.25, 5], "rotation": 90, "texture": "#0"},
				"south": {"uv": [10.25, 0, 10.5, 4.5], "texture": "#0"},
				"west": {"uv": [10.25, 4.5, 12.5, 5], "rotation": 90, "texture": "#0"},
				"up": {"uv": [7.75, 4.5, 8, 5], "texture": "#0"},
				"down": {"uv": [12.5, 4.5, 12.75, 5], "texture": "#0"}
			}
		},
		{
			"name": "oar_paddle",
			"from": [-9, 0, 12.95],
			"to": [-3, 7, 13.95],
			"rotation": {"angle": 0, "axis": "z", "origin": [-4, 9.25, 13.725]},
			"faces": {
				"north": {"uv": [9.625, 3.25, 8.75, 1.75], "rotation": 270, "texture": "#0"},
				"east": {"uv": [8.75, 1.75, 8.875, 0], "texture": "#0"},
				"south": {"uv": [7.75, 3.25, 8.625, 1.75], "rotation": 270, "texture": "#0"},
				"west": {"uv": [8.625, 1.75, 8.75, 0], "texture": "#0"},
				"up": {"uv": [8.625, 1.75, 8.75, 3.25], "rotation": 90, "texture": "#0"},
				"down": {"uv": [9.625, 3.25, 9.75, 1.75], "rotation": 90, "texture": "#0"}
			}
		}
	]
}
