{
	"texture_size": [128, 128],
	"textures": {
		"0": "boat_models:item/chest_boat/cherry",
		"particle": "boat_models:item/chest_boat/cherry"
	},
	"elements": [
		{
			"name": "right_oar_paddle",
			"from": [19, -1.25, 14.125],
			"to": [25, 5.75, 15.125],
			"rotation": {"angle": 0, "axis": "z", "origin": [19, 8.25, 14.3125]},
			"faces": {
				"north": {"uv": [9.625, 4.125, 8.75, 3.375], "rotation": 270, "texture": "#0"},
				"east": {"uv": [8.75, 3.375, 8.875, 2.5], "texture": "#0"},
				"south": {"uv": [7.75, 4.125, 8.625, 3.375], "rotation": 270, "texture": "#0"},
				"west": {"uv": [8.625, 3.375, 8.75, 2.5], "texture": "#0"},
				"up": {"uv": [8.625, 3.375, 8.75, 4.125], "rotation": 90, "texture": "#0"},
				"down": {"uv": [9.625, 4.125, 9.75, 3.375], "rotation": 90, "texture": "#0"}
			}
		},
		{
			"name": "right_oar_handle",
			"from": [21, 0.75, 13],
			"to": [23, 18.75, 15],
			"rotation": {"angle": 0, "axis": "z", "origin": [19, 8.25, 14.3125]},
			"faces": {
				"north": {"uv": [10, 2.5, 10.25, 4.75], "texture": "#0"},
				"east": {"uv": [8, 4.75, 10.25, 5], "rotation": 90, "texture": "#0"},
				"south": {"uv": [10.25, 2.5, 10.5, 4.75], "texture": "#0"},
				"west": {"uv": [10.25, 4.75, 12.5, 5], "rotation": 90, "texture": "#0"},
				"up": {"uv": [7.75, 4.75, 8, 5], "texture": "#0"},
				"down": {"uv": [12.5, 4.75, 12.75, 5], "texture": "#0"}
			}
		}
	]
}
