{
	"credit": "Made with Blockbench",
	"texture_size": [128, 128],
	"textures": {
		"0": "boat_models:item/chest_boat/mangrove",
		"particle": "boat_models:item/chest_boat/mangrove"
	},
	"elements": [
		{
			"from": [0, 0, 0],
			"to": [16, 3, 28],
			"faces": {
				"north": {"uv": [0, 0.375, 0.375, 2.375], "rotation": 90, "texture": "#0"},
				"east": {"uv": [0.375, 0, 3.875, 0.375], "texture": "#0"},
				"south": {"uv": [4.25, 0.375, 3.875, 2.375], "rotation": 90, "texture": "#0"},
				"west": {"uv": [3.875, 0, 7.375, 0.375], "texture": "#0"},
				"up": {"uv": [0.375, 0.375, 3.875, 2.375], "rotation": 90, "texture": "#0"},
				"down": {"uv": [4.25, 0.375, 7.75, 2.375], "rotation": 90, "texture": "#0"}
			}
		},
		{
			"from": [0, 3, -2],
			"to": [16, 9, 0],
			"faces": {
				"north": {"uv": [2.5, 3.625, 4.5, 4.375], "texture": "#0"},
				"east": {"uv": [0, 3.625, 0.25, 4.375], "texture": "#0"},
				"south": {"uv": [0.25, 3.625, 2.25, 4.375], "texture": "#0"},
				"west": {"uv": [2.25, 3.625, 2.5, 4.375], "texture": "#0"},
				"up": {"uv": [0.25, 3.375, 2.25, 3.625], "texture": "#0"},
				"down": {"uv": [2.5, 3.375, 4.5, 3.625], "texture": "#0"}
			}
		},
		{
			"from": [-1, 3, 28],
			"to": [17, 9, 30],
			"faces": {
				"north": {"uv": [2.75, 2.625, 5, 3.375], "texture": "#0"},
				"east": {"uv": [0, 2.625, 0.25, 3.375], "texture": "#0"},
				"south": {"uv": [0.25, 2.625, 2.5, 3.375], "texture": "#0"},
				"west": {"uv": [2.5, 2.625, 2.75, 3.375], "texture": "#0"},
				"up": {"uv": [0.25, 2.375, 2.5, 2.625], "texture": "#0"},
				"down": {"uv": [2.5, 2.375, 4.75, 2.625], "texture": "#0"}
			}
		},
		{
			"from": [-2, 3, 0],
			"to": [0, 9, 28],
			"faces": {
				"north": {"uv": [0, 5.625, 0.25, 6.375], "texture": "#0"},
				"east": {"uv": [0.25, 5.625, 3.75, 6.375], "texture": "#0"},
				"south": {"uv": [3.75, 5.625, 4, 6.375], "texture": "#0"},
				"west": {"uv": [4, 5.625, 7.5, 6.375], "texture": "#0"},
				"up": {"uv": [0.25, 5.375, 3.75, 5.625], "rotation": 90, "texture": "#0"},
				"down": {"uv": [3.75, 5.375, 7.25, 5.625], "rotation": 90, "texture": "#0"}
			}
		},
		{
			"from": [16, 3, 0],
			"to": [18, 9, 28],
			"faces": {
				"north": {"uv": [0, 4.625, 0.25, 5.375], "texture": "#0"},
				"east": {"uv": [0.25, 4.625, 3.75, 5.375], "texture": "#0"},
				"south": {"uv": [3.75, 4.625, 4, 5.375], "texture": "#0"},
				"west": {"uv": [4, 4.625, 7.5, 5.375], "texture": "#0"},
				"up": {"uv": [0.25, 4.375, 3.75, 4.625], "rotation": 90, "texture": "#0"},
				"down": {"uv": [3.75, 4.375, 7.25, 4.625], "rotation": 90, "texture": "#0"}
			}
		},
		{
			"name": "chest_bottom",
			"from": [2, 4, 15.25],
			"to": [14, 12, 27.25],
			"faces": {
				"north": {"uv": [1.5, 11, 3, 12], "texture": "#0"},
				"east": {"uv": [3, 11, 4.5, 12], "texture": "#0"},
				"south": {"uv": [4.5, 11, 6, 12], "texture": "#0"},
				"west": {"uv": [0, 11, 1.5, 12], "texture": "#0"},
				"up": {"uv": [1.5, 9.5, 3, 11], "texture": "#0"},
				"down": {"uv": [3.125, 9.5, 4.625, 11], "texture": "#0"}
			}
		},
		{
			"name": "chest_top",
			"from": [2, 12, 15.25],
			"to": [14, 16, 27.25],
			"faces": {
				"north": {"uv": [1.5, 8.875, 3, 9.375], "texture": "#0"},
				"east": {"uv": [3, 8.875, 4.5, 9.375], "texture": "#0"},
				"south": {"uv": [4.5, 8.875, 6, 9.375], "texture": "#0"},
				"west": {"uv": [0, 8.875, 1.5, 9.375], "texture": "#0"},
				"up": {"uv": [1.5, 7.375, 3, 8.875], "texture": "#0"},
				"down": {"uv": [3, 7.375, 4.5, 8.875], "texture": "#0"}
			}
		},
		{
			"name": "chest_lock",
			"from": [7, 10, 14.5],
			"to": [9, 14, 15.5],
			"faces": {
				"north": {"uv": [0, 7.5, 0.25, 8], "texture": "#0"},
				"east": {"uv": [0.625, 7.5, 0.75, 8], "texture": "#0"},
				"south": {"uv": [0.375, 7.5, 0.625, 8], "texture": "#0"},
				"west": {"uv": [0.25, 7.5, 0.375, 8], "texture": "#0"},
				"up": {"uv": [0.375, 7.375, 0.625, 7.5], "texture": "#0"},
				"down": {"uv": [0.125, 7.375, 0.375, 7.5], "texture": "#0"}
			}
		}
	]
}
