{
	"texture_size": [128, 128],
	"textures": {
		"0": "boat_models:item/chest_boat/mangrove",
		"particle": "boat_models:item/chest_boat/mangrove"
	},
	"elements": [
		{
			"name": "chest_bottom",
			"from": [2, 4, 15.25],
			"to": [14, 12, 27.25],
			"faces": {
				"north": {"uv": [1.5, 11, 3, 12], "texture": "#0"},
				"east": {"uv": [3, 11, 4.5, 12], "texture": "#0"},
				"south": {"uv": [4.5, 11, 6, 12], "texture": "#0"},
				"west": {"uv": [0, 11, 1.5, 12], "texture": "#0"},
				"up": {"uv": [1.5, 9.5, 3, 11], "texture": "#0"},
				"down": {"uv": [3.125, 9.5, 4.625, 11], "texture": "#0"}
			}
		},
		{
			"name": "chest_top",
			"from": [2, 12, 15.25],
			"to": [14, 16, 27.25],
			"faces": {
				"north": {"uv": [1.5, 8.875, 3, 9.375], "texture": "#0"},
				"east": {"uv": [3, 8.875, 4.5, 9.375], "texture": "#0"},
				"south": {"uv": [4.5, 8.875, 6, 9.375], "texture": "#0"},
				"west": {"uv": [0, 8.875, 1.5, 9.375], "texture": "#0"},
				"up": {"uv": [1.5, 7.375, 3, 8.875], "texture": "#0"},
				"down": {"uv": [3, 7.375, 4.5, 8.875], "texture": "#0"}
			}
		},
		{
			"name": "chest_lock",
			"from": [7, 10, 14.5],
			"to": [9, 14, 15.5],
			"faces": {
				"north": {"uv": [0, 7.5, 0.25, 8], "texture": "#0"},
				"east": {"uv": [0.625, 7.5, 0.75, 8], "texture": "#0"},
				"south": {"uv": [0.375, 7.5, 0.625, 8], "texture": "#0"},
				"west": {"uv": [0.25, 7.5, 0.375, 8], "texture": "#0"},
				"up": {"uv": [0.375, 7.375, 0.625, 7.5], "texture": "#0"},
				"down": {"uv": [0.125, 7.375, 0.375, 7.5], "texture": "#0"}
			}
		}
	]
}
