{
	"credit": "Made with Blockbench",
	"texture_size": [128, 128],
	"textures": {
		"0": "boat_models:item/chest_boat/oak",
		"particle": "boat_models:item/chest_boat/oak"
	},
	"elements": [
		{
			"name": "left_oar_handle",
			"from": [-7, 0.75, 13],
			"to": [-5, 18.75, 15],
			"rotation": {"angle": 0, "axis": "z", "origin": [-4, 9.25, 13.725]},
			"faces": {
				"north": {"uv": [10, 0, 10.25, 2.25], "texture": "#0"},
				"east": {"uv": [8, 2.25, 10.25, 2.5], "rotation": 90, "texture": "#0"},
				"south": {"uv": [10.25, 0, 10.5, 2.25], "texture": "#0"},
				"west": {"uv": [10.25, 2.25, 12.5, 2.5], "rotation": 90, "texture": "#0"},
				"up": {"uv": [7.75, 2.25, 8, 2.5], "texture": "#0"},
				"down": {"uv": [12.5, 2.25, 12.75, 2.5], "texture": "#0"}
			}
		},
		{
			"name": "left_oar_paddle",
			"from": [-9, -1.25, 12.95],
			"to": [-3, 5.75, 13.95],
			"rotation": {"angle": 0, "axis": "z", "origin": [-4, 9.25, 13.725]},
			"faces": {
				"north": {"uv": [9.625, 1.625, 8.75, 0.875], "rotation": 270, "texture": "#0"},
				"east": {"uv": [8.75, 0.875, 8.875, 0], "texture": "#0"},
				"south": {"uv": [7.75, 1.625, 8.625, 0.875], "rotation": 270, "texture": "#0"},
				"west": {"uv": [8.625, 0.875, 8.75, 0], "texture": "#0"},
				"up": {"uv": [8.625, 0.875, 8.75, 1.625], "rotation": 90, "texture": "#0"},
				"down": {"uv": [9.625, 1.625, 9.75, 0.875], "rotation": 90, "texture": "#0"}
			}
		}
	]
}
