{
	"texture_size": [128, 64],
	"textures": {
		"0": "boat_models:item/boat/jungle",
		"particle": "boat_models:item/boat/jungle"
	},
	"elements": [
		{
			"from": [0, 0, 0],
			"to": [16, 3, 28],
			"faces": {
				"north": {"uv": [0, 0.75, 0.375, 4.75], "rotation": 90, "texture": "#0"},
				"east": {"uv": [0.375, 0, 3.875, 0.75], "texture": "#0"},
				"south": {"uv": [4.25, 0.75, 3.875, 4.75], "rotation": 90, "texture": "#0"},
				"west": {"uv": [3.875, 0, 7.375, 0.75], "texture": "#0"},
				"up": {"uv": [0.375, 0.75, 3.875, 4.75], "rotation": 90, "texture": "#0"},
				"down": {"uv": [4.25, 0.75, 7.75, 4.75], "rotation": 90, "texture": "#0"}
			}
		},
		{
			"from": [0, 3, -2],
			"to": [16, 9, 0],
			"faces": {
				"north": {"uv": [2.5, 7.25, 4.5, 8.75], "texture": "#0"},
				"east": {"uv": [0, 7.25, 0.25, 8.75], "texture": "#0"},
				"south": {"uv": [0.25, 7.25, 2.25, 8.75], "texture": "#0"},
				"west": {"uv": [2.25, 7.25, 2.5, 8.75], "texture": "#0"},
				"up": {"uv": [0.25, 6.75, 2.25, 7.25], "texture": "#0"},
				"down": {"uv": [2.5, 6.75, 4.5, 7.25], "texture": "#0"}
			}
		},
		{
			"from": [-1, 3, 28],
			"to": [17, 9, 30],
			"faces": {
				"north": {"uv": [2.75, 5.25, 5, 6.75], "texture": "#0"},
				"east": {"uv": [0, 5.25, 0.25, 6.75], "texture": "#0"},
				"south": {"uv": [0.25, 5.25, 2.5, 6.75], "texture": "#0"},
				"west": {"uv": [2.5, 5.25, 2.75, 6.75], "texture": "#0"},
				"up": {"uv": [0.25, 4.75, 2.5, 5.25], "texture": "#0"},
				"down": {"uv": [2.5, 4.75, 4.75, 5.25], "texture": "#0"}
			}
		},
		{
			"from": [-2, 3, 0],
			"to": [0, 9, 28],
			"faces": {
				"north": {"uv": [0, 9.25, 0.25, 10.75], "texture": "#0"},
				"east": {"uv": [0.25, 9.25, 3.75, 10.75], "texture": "#0"},
				"south": {"uv": [3.75, 9.25, 4, 10.75], "texture": "#0"},
				"west": {"uv": [4, 9.25, 7.5, 10.75], "texture": "#0"},
				"up": {"uv": [0.25, 8.75, 3.75, 9.25], "rotation": 90, "texture": "#0"},
				"down": {"uv": [3.75, 8.75, 7.25, 9.25], "rotation": 90, "texture": "#0"}
			}
		},
		{
			"from": [16, 3, 0],
			"to": [18, 9, 28],
			"faces": {
				"north": {"uv": [0, 11.25, 0.25, 12.75], "texture": "#0"},
				"east": {"uv": [0.25, 11.25, 3.75, 12.75], "texture": "#0"},
				"south": {"uv": [3.75, 11.25, 4, 12.75], "texture": "#0"},
				"west": {"uv": [4, 11.25, 7.5, 12.75], "texture": "#0"},
				"up": {"uv": [0.25, 10.75, 3.75, 11.25], "rotation": 90, "texture": "#0"},
				"down": {"uv": [3.75, 10.75, 7.25, 11.25], "rotation": 90, "texture": "#0"}
			}
		}
	]
}
